rxns,eccodes,genes
R00006,ec-code/2.2.1.6,IB49_05185 or IB49_05180
R00013,ec-code/4.1.1.47,IB49_05185
R00019,ec-code/1.12.7.2;ec-code/1.12.99.-,IB49_09315
R00025,ec-code/1.13.12.16,IB49_01360
R00026,ec-code/3.2.1.21,IB49_08540
R00036,ec-code/4.2.1.24,IB49_05095
R00066,ec-code/2.5.1.9,IB49_03270
R00068,ec-code/1.10.3.3,IB49_14805
R00078,ec-code/1.16.3.1,IB49_14805
R00084,ec-code/2.5.1.61,IB49_05105
R00086,ec-code/3.6.1.3;ec-code/3.6.1.5;ec-code/3.6.1.8;ec-code/3.6.1.15,IB49_10460
R00087,ec-code/3.6.1.8;ec-code/3.6.1.9,IB49_10460
R00103,ec-code/3.6.1.9;ec-code/3.6.1.22,IB49_10460
R00112,ec-code/1.6.1.1;ec-code/1.6.1.2;ec-code/1.6.1.3,IB49_09795
R00114,ec-code/1.4.1.13,IB49_17540
R00115,ec-code/1.8.1.7,IB49_15580
R00127,ec-code/2.7.4.3,IB49_10930
R00130,ec-code/2.7.1.24,IB49_05525
R00131,ec-code/3.5.1.5,IB49_01525 or IB49_01530 or IB49_01535
R00137,ec-code/2.7.7.1;ec-code/2.7.7.18,IB49_04475
R00139,ec-code/2.7.4.6,IB49_02820
R00156,ec-code/2.7.4.6,IB49_02820
R00158,ec-code/2.7.4.4;ec-code/2.7.4.14;ec-code/2.7.4.22,IB49_02910 or IB49_02655 or IB49_16485
R00177,ec-code/2.5.1.6,IB49_06120
R00183,ec-code/3.1.3.5,IB49_08200
R00188,ec-code/3.1.3.7;ec-code/3.1.3.97,IB49_05620
R00189,ec-code/6.3.1.5;ec-code/6.3.5.1,IB49_04840
R00190,ec-code/2.4.2.7;ec-code/2.4.2.8,IB49_04760 or IB49_10525
R00194,ec-code/3.2.2.9,IB49_04580
R00199,ec-code/2.7.9.2,IB49_15255
R00200,ec-code/2.7.1.40,IB49_05580 or IB49_07195
R00203,ec-code/1.2.1.22;ec-code/1.2.1.23,IB49_05715
R00206,ec-code/2.7.9.1,IB49_15255
R00207,ec-code/1.2.3.3,IB49_05185
R00209,ec-code/1.2.4.1;ec-code/1.8.1.4;ec-code/2.3.1.12,IB49_08605 or IB49_08600 or IB49_15580 or IB49_15575 or IB49_15570 or IB49_03685 or IB49_08610
R00214,ec-code/1.1.1.38;ec-code/1.1.1.39,IB49_18025 or IB49_17590
R00215,ec-code/1.1.1.83,IB49_09780
R00220,ec-code/4.3.1.17;ec-code/4.3.1.19,IB49_00900 or IB49_16150
R00221,ec-code/4.3.1.18,IB49_01480
R00226,ec-code/2.2.1.6,IB49_05185 or IB49_05180
R00228,ec-code/1.2.1.10,IB49_02205
R00230,ec-code/2.3.1.8,IB49_09645 or IB49_15075
R00238,ec-code/2.3.1.9;ec-code/2.3.1.16,IB49_09535 or IB49_01860 or IB49_07135 or IB49_05740
R00239,ec-code/2.7.2.11,IB49_02045
R00245,ec-code/1.2.1.88,IB49_11230
R00248,ec-code/1.4.1.3;ec-code/1.4.1.4;ec-code/1.4.1.13,IB49_02960 or IB49_17540
R00251,ec-code/3.5.2.9,IB49_17855 or IB49_17860
R00253,ec-code/6.3.1.2,IB49_16875 or IB49_00155
R00256,ec-code/1.4.1.13;ec-code/1.4.1.14;ec-code/1.4.7.1;ec-code/3.5.1.2,IB49_02950 or IB49_02335 or IB49_16005 or IB49_16000 or IB49_11725 or IB49_14300
R00259,ec-code/2.3.1.1,IB49_08965 or IB49_14285 or IB49_05665
R00260,ec-code/5.1.1.3,IB49_05215
R00264,ec-code/1.2.1.3;ec-code/1.2.1.26,IB49_05715
R00269,ec-code/3.5.1.3;ec-code/3.5.1.111,IB49_15035
R00271,ec-code/2.3.3.14,IB49_05170
R00286,ec-code/1.1.1.22,IB49_14525 or IB49_09145
R00287,ec-code/3.6.1.8;ec-code/3.6.1.9;ec-code/3.6.1.45,IB49_10460
R00289,ec-code/2.7.7.9;ec-code/2.7.7.64,IB49_08890 or IB49_09155
R00291,ec-code/5.1.3.2,IB49_09080
R00299,ec-code/2.7.1.1;ec-code/2.7.1.2,IB49_04020
R00306,ec-code/3.2.1.21;ec-code/3.2.1.74,IB49_08540
R00310,ec-code/4.99.1.1,IB49_13585
R00315,ec-code/2.7.2.1;ec-code/2.7.2.15,IB49_05785
R00330,ec-code/2.7.4.6,IB49_02820
R00332,ec-code/2.7.4.8,IB49_16065
R00336,ec-code/3.1.7.2,IB49_04755
R00341,ec-code/4.1.1.49,IB49_06130
R00342,ec-code/1.1.1.37;ec-code/1.1.1.299,IB49_05555
R00344,ec-code/6.4.1.1,IB49_03790 or IB49_15675
R00348,ec-code/3.5.1.3,IB49_15035
R00351,ec-code/2.3.3.1;ec-code/2.3.3.3;ec-code/2.3.3.16,IB49_05565
R00355,ec-code/2.6.1.1,IB49_02630 or IB49_06635
R00357,ec-code/1.4.3.2;ec-code/1.4.3.16,IB49_04865
R00371,ec-code/2.3.1.29,IB49_02360
R00396,ec-code/1.4.1.1,IB49_05645 or IB49_14860
R00401,ec-code/5.1.1.1,IB49_11415
R00405,ec-code/6.2.1.5,IB49_16275 or IB49_16270
R00416,ec-code/2.7.7.23,IB49_10420
R00418,ec-code/5.1.3.2;ec-code/5.1.3.7,IB49_09140
R00420,ec-code/5.1.3.14,IB49_07975
R00421,ec-code/1.1.1.136,IB49_07990
R00425,ec-code/3.5.4.25,IB49_03265
R00426,ec-code/3.6.1.8;ec-code/3.6.1.-,IB49_05200 or IB49_10460
R00428,ec-code/3.5.4.16,IB49_02845
R00429,ec-code/2.7.6.5,IB49_04755 or IB49_14465
R00446,ec-code/1.4.1.18,IB49_12375
R00451,ec-code/4.1.1.20,IB49_03300
R00462,ec-code/4.1.1.18,IB49_15600
R00465,ec-code/1.1.1.79,IB49_06925 or IB49_17995 or IB49_12460
R00470,ec-code/4.1.3.16;ec-code/4.1.3.42,IB49_01635
R00472,ec-code/2.3.3.9,IB49_18020
R00475,ec-code/1.1.3.15,IB49_12520 or IB49_18010 or IB49_18015
R00479,ec-code/4.1.3.1,IB49_13645
R00480,ec-code/2.7.2.4,IB49_16615 or IB49_08370
R00481,ec-code/1.4.3.16,IB49_04865
R00485,ec-code/3.5.1.1;ec-code/3.5.1.38;ec-code/3.5.5.4,IB49_02950
R00489,ec-code/4.1.1.11;ec-code/4.1.1.15,IB49_02650
R00490,ec-code/4.3.1.1,IB49_11610
R00508,ec-code/3.1.3.7,IB49_05620
R00509,ec-code/2.7.1.25,IB49_12595
R00511,ec-code/3.1.3.5;ec-code/3.1.3.91,IB49_08200
R00512,ec-code/2.7.4.14;ec-code/2.7.4.25,IB49_02910 or IB49_02655
R00513,ec-code/2.7.1.48;ec-code/2.7.1.213,IB49_04610
R00515,ec-code/3.6.1.8;ec-code/3.6.1.9;ec-code/3.6.1.65,IB49_10460
R00516,ec-code/2.7.1.48,IB49_04610
R00517,ec-code/2.7.1.48,IB49_04610
R00519,ec-code/1.17.1.9,IB49_12905
R00529,ec-code/2.7.7.4,IB49_12595 or IB49_12600
R00551,ec-code/3.5.3.1,IB49_11090
R00566,ec-code/4.1.1.19,IB49_15600
R00570,ec-code/2.7.4.6,IB49_02820
R00571,ec-code/6.3.4.2,IB49_09500
R00573,ec-code/6.3.4.2,IB49_09500
R00575,ec-code/6.3.5.5,IB49_16005 or IB49_16000 or IB49_14300
R00578,ec-code/6.3.5.4,IB49_14815
R00582,ec-code/3.1.3.3,IB49_17740
R00586,ec-code/2.3.1.30,IB49_10705 or IB49_09125
R00605,ec-code/1.1.1.244,IB49_13915
R00610,ec-code/1.5.3.1,IB49_17395
R00614,ec-code/1.2.98.1,IB49_13915
R00615,ec-code/3.6.1.15;ec-code/3.6.1.-,IB49_16115
R00650,ec-code/2.1.1.10,IB49_13860
R00654,ec-code/4.4.1.11,IB49_04570
R00658,ec-code/4.2.1.11,IB49_07350
R00660,ec-code/2.5.1.7,IB49_09265 or IB49_09475
R00662,ec-code/3.6.1.8;ec-code/3.6.1.9,IB49_10460
R00667,ec-code/2.6.1.13,IB49_11235
R00671,ec-code/4.3.1.12,IB49_14860
R00674,ec-code/4.2.1.20;ec-code/4.2.1.122,IB49_02770 or IB49_02775
R00688,ec-code/1.4.1.20,IB49_03695
R00691,ec-code/4.2.1.51;ec-code/4.2.1.91,IB49_04880
R00694,ec-code/2.6.1.1;ec-code/2.6.1.5;ec-code/2.6.1.9;ec-code/2.6.1.57,IB49_02630 or IB49_06635 or IB49_03080
R00703,ec-code/1.1.1.27,IB49_12995
R00706,ec-code/1.2.1.18,IB49_01755
R00708,ec-code/1.2.1.88,IB49_11230
R00711,ec-code/1.2.1.4;ec-code/1.2.1.5;ec-code/1.2.1.-,IB49_05715 or IB49_13930
R00714,ec-code/1.2.1.16;ec-code/1.2.1.79,IB49_05715
R00720,ec-code/3.6.1.8;ec-code/3.6.1.66;ec-code/3.6.1.-,IB49_05200 or IB49_10460
R00722,ec-code/2.7.4.6,IB49_02820
R00732,ec-code/1.3.1.43;ec-code/1.3.1.79,IB49_02760
R00733,ec-code/1.3.1.78;ec-code/1.3.1.79,IB49_02760
R00734,ec-code/2.6.1.1;ec-code/2.6.1.5;ec-code/2.6.1.9;ec-code/2.6.1.57,IB49_02630 or IB49_06635 or IB49_03080
R00742,ec-code/6.4.1.2,IB49_18360 or IB49_03790 or IB49_05590 or IB49_05595 or IB49_03530 or IB49_03795 or IB49_18365
R00754,ec-code/1.1.1.1;ec-code/1.1.1.71,IB49_13935 or IB49_13915 or IB49_01765 or IB49_02205
R00756,ec-code/2.7.1.11,IB49_05585 or IB49_01215
R00762,ec-code/3.1.3.11,IB49_09470
R00765,ec-code/3.5.99.6,IB49_03165
R00768,ec-code/2.6.1.16,IB49_11120
R00771,ec-code/5.3.1.9,IB49_06610 or IB49_02190
R00774,ec-code/6.3.4.6,IB49_18360
R00776,ec-code/4.3.2.3,IB49_13750
R00782,ec-code/4.4.1.1;ec-code/4.4.1.13;ec-code/4.4.1.28,IB49_06650 or IB49_04570 or IB49_14660
R00791,ec-code/1.7.7.2,IB49_01330
R00801,ec-code/3.2.1.10;ec-code/3.2.1.20;ec-code/3.2.1.26;ec-code/3.2.1.48,IB49_13340 or IB49_09760
R00829,ec-code/2.3.1.16;ec-code/2.3.1.174,IB49_01860 or IB49_07135 or IB49_00260 or IB49_05740
R00830,ec-code/2.3.1.37,IB49_02360
R00833,ec-code/5.4.99.2,IB49_03630 or IB49_03635
R00835,ec-code/1.1.1.49;ec-code/1.1.1.363,IB49_03475 or IB49_02200
R00837,ec-code/3.2.1.93;ec-code/3.2.1.122,IB49_13340 or IB49_00695
R00839,ec-code/3.2.1.86,IB49_14730 or IB49_08530
R00841,ec-code/3.1.3.21,IB49_06945
R00844,ec-code/1.1.1.94,IB49_02870
R00846,ec-code/1.1.3.21,IB49_02535
R00858,ec-code/1.8.1.2,IB49_17440 or IB49_17435
R00878,ec-code/5.3.1.5,IB49_01375
R00880,ec-code/1.1.1.132,IB49_14525
R00885,ec-code/2.7.7.13,IB49_12180 or IB49_09090
R00891,ec-code/4.2.1.22,IB49_17970
R00896,ec-code/2.6.1.1,IB49_02630 or IB49_06635
R00897,ec-code/2.5.1.47;ec-code/2.5.1.65,IB49_10545
R00899,ec-code/3.4.11.1;ec-code/3.4.11.2;ec-code/3.4.11.23;ec-code/3.4.13.-,IB49_06830
R00904,ec-code/1.2.1.3;ec-code/1.2.1.5;ec-code/1.2.1.19,IB49_05715
R00905,ec-code/3.5.1.6,IB49_08770
R00907,ec-code/2.6.1.18,IB49_17520
R00908,ec-code/2.6.1.19;ec-code/2.6.1.55,IB49_11235 or IB49_17520
R00919,ec-code/1.3.1.84;ec-code/1.3.1.-,IB49_17530
R00921,ec-code/2.3.1.8;ec-code/2.3.1.222,IB49_09645 or IB49_15075
R00922,ec-code/1.2.1.27,IB49_01755
R00927,ec-code/2.3.1.9;ec-code/2.3.1.16,IB49_01860 or IB49_07135 or IB49_05740
R00931,ec-code/2.3.3.5,IB49_05565
R00935,ec-code/1.2.1.27,IB49_01755
R00939,ec-code/1.5.1.3,IB49_00910
R00943,ec-code/6.3.4.3,IB49_03775
R00945,ec-code/2.1.2.1,IB49_09390
R00946,ec-code/2.1.1.13,IB49_13855
R00948,ec-code/2.7.7.27,IB49_06310 or IB49_06305
R00962,ec-code/2.7.1.48,IB49_04610
R00963,ec-code/3.1.3.5,IB49_08200
R00964,ec-code/2.7.1.48;ec-code/2.7.1.213,IB49_04610
R00965,ec-code/4.1.1.23,IB49_16020
R00966,ec-code/2.4.2.9,IB49_09385 or IB49_15980
R00967,ec-code/2.7.1.48,IB49_04610
R00968,ec-code/2.7.1.48,IB49_04610
R00970,ec-code/2.7.1.48,IB49_04610
R00982,ec-code/6.2.1.32,IB49_05765
R00985,ec-code/4.1.3.27,IB49_02790 or IB49_10550 or IB49_10555
R00986,ec-code/4.1.3.27,IB49_02790 or IB49_10550 or IB49_10555
R00994,ec-code/1.1.1.85,IB49_05165
R00996,ec-code/4.3.1.19,IB49_00900
R00999,ec-code/2.5.1.48,IB49_04570 or IB49_14655
R01000,ec-code/1.1.1.27,IB49_12995
R01001,ec-code/4.4.1.1,IB49_04570
R01015,ec-code/5.3.1.1,IB49_07360
R01016,ec-code/4.2.3.3,IB49_02685
R01030,ec-code/3.1.4.2;ec-code/3.1.4.46,IB49_01085 or IB49_03710
R01034,ec-code/1.1.1.6,IB49_18420
R01041,ec-code/1.1.1.2;ec-code/1.1.1.21;ec-code/1.1.1.72;ec-code/1.1.1.372,IB49_13225
R01049,ec-code/2.7.6.1,IB49_10425
R01051,ec-code/2.7.1.15,IB49_08685
R01054,ec-code/3.6.1.13;ec-code/3.6.1.21;ec-code/3.6.1.53;ec-code/3.6.1.-,IB49_03400
R01055,ec-code/4.2.1.70,IB49_17115
R01056,ec-code/5.3.1.6,IB49_09400
R01057,ec-code/5.4.2.2;ec-code/5.4.2.7,IB49_13260 or IB49_03370 or IB49_12195 or IB49_09085
R01061,ec-code/1.2.1.12;ec-code/1.2.1.59,IB49_07370
R01066,ec-code/4.1.2.4,IB49_04300
R01067,ec-code/2.2.1.1,IB49_16905
R01068,ec-code/4.1.2.13,IB49_09485
R01069,ec-code/4.1.2.40,IB49_09485
R01071,ec-code/2.4.2.17,IB49_07530 or IB49_07535
R01072,ec-code/2.4.2.14,IB49_11735
R01073,ec-code/2.4.2.18,IB49_02790
R01074,ec-code/6.2.1.11;ec-code/6.3.4.9;ec-code/6.3.4.10;ec-code/6.3.4.11,IB49_02665
R01082,ec-code/4.2.1.2,IB49_12670 or IB49_11610
R01083,ec-code/4.3.2.2,IB49_11710
R01085,ec-code/3.7.1.5;ec-code/3.7.1.20,IB49_13750
R01086,ec-code/4.3.2.1,IB49_05665
R01088,ec-code/1.4.1.9,IB49_03695
R01090,ec-code/2.6.1.6;ec-code/2.6.1.42;ec-code/2.6.1.67,IB49_05190
R01092,ec-code/2.7.1.6,IB49_02510
R01094,ec-code/1.1.1.48,IB49_15210
R01097,ec-code/1.1.1.48;ec-code/1.1.1.120,IB49_15210
R01126,ec-code/3.1.3.5;ec-code/3.1.3.99,IB49_08200
R01127,ec-code/3.5.4.10,IB49_11750
R01130,ec-code/1.1.1.205,IB49_10215
R01132,ec-code/2.4.2.8,IB49_10525 or IB49_10520
R01135,ec-code/6.3.4.4,IB49_10010
R01137,ec-code/2.7.4.6,IB49_02820
R01138,ec-code/2.7.1.40,IB49_05580 or IB49_07195
R01148,ec-code/2.6.1.21,IB49_05190
R01150,ec-code/6.3.2.4,IB49_11375
R01152,ec-code/3.5.1.53,IB49_15035
R01155,ec-code/2.6.1.29;ec-code/2.6.1.82,IB49_11235
R01157,ec-code/3.5.3.11,IB49_09575
R01158,ec-code/1.1.1.23,IB49_07525
R01163,ec-code/1.1.1.23,IB49_07525
R01172,ec-code/1.2.1.10;ec-code/1.2.1.57;ec-code/1.2.1.87,IB49_02205
R01175,ec-code/1.3.3.6;ec-code/1.3.8.1;ec-code/1.3.8.7;ec-code/1.3.99.-,IB49_09520 or IB49_15415 or IB49_05755
R01176,ec-code/6.2.1.2,IB49_05325
R01177,ec-code/2.3.1.9;ec-code/2.3.1.16,IB49_09535 or IB49_01860 or IB49_07135 or IB49_05740
R01183,ec-code/1.1.1.18,IB49_02295
R01185,ec-code/3.1.3.25,IB49_15620
R01186,ec-code/3.1.3.25,IB49_15620
R01187,ec-code/3.1.3.25,IB49_15620
R01196,ec-code/1.2.7.1;ec-code/1.2.7.11,IB49_16750 or IB49_16755
R01197,ec-code/1.2.7.3;ec-code/1.2.7.11,IB49_16750 or IB49_16755
R01209,ec-code/4.2.1.9,IB49_02040
R01212,ec-code/1.4.1.8,IB49_03695
R01213,ec-code/2.3.3.13,IB49_05170
R01214,ec-code/2.6.1.6;ec-code/2.6.1.42,IB49_05190
R01220,ec-code/1.5.1.5,IB49_03775
R01221,ec-code/1.4.4.2;ec-code/1.8.1.4;ec-code/2.1.2.10,IB49_03920 or IB49_03925 or IB49_03930 or IB49_15580 or IB49_07120 or IB49_03685
R01224,ec-code/1.5.1.20,IB49_13860
R01226,ec-code/2.1.2.11,IB49_02660
R01227,ec-code/3.1.3.5,IB49_08200
R01229,ec-code/2.4.2.7;ec-code/2.4.2.8;ec-code/2.4.2.22,IB49_04760 or IB49_10525 or IB49_10520
R01230,ec-code/6.3.5.2,IB49_11635
R01231,ec-code/6.3.5.2,IB49_11635
R01244,ec-code/3.5.4.2,IB49_11765 or IB49_02250
R01249,ec-code/1.5.1.1;ec-code/1.5.1.21;ec-code/1.5.1.49,IB49_14860
R01251,ec-code/1.5.1.2,IB49_03455
R01256,ec-code/6.2.1.9,IB49_16275 or IB49_16270
R01279,ec-code/1.3.3.6;ec-code/1.3.8.7;ec-code/1.3.8.8;ec-code/1.3.8.9,IB49_16825 or IB49_15415 or IB49_05755
R01280,ec-code/6.2.1.3,IB49_05325 or IB49_15425
R01283,ec-code/4.4.1.2,IB49_04570
R01286,ec-code/4.4.1.13,IB49_06650 or IB49_14660
R01287,ec-code/2.5.1.49,IB49_11840
R01288,ec-code/2.5.1.48;ec-code/2.5.1.-,IB49_04570 or IB49_11840 or IB49_14655
R01290,ec-code/4.2.1.22,IB49_17970
R01291,ec-code/4.4.1.21,IB49_06190
R01293,ec-code/1.2.1.28;ec-code/1.2.1.64,IB49_05715
R01294,ec-code/1.2.1.7;ec-code/1.2.1.96,IB49_01455
R01300,ec-code/6.2.1.27,IB49_13605
R01325,ec-code/4.2.1.3,IB49_16985
R01333,ec-code/1.2.1.21,IB49_05715
R01353,ec-code/2.7.2.1;ec-code/2.7.2.15,IB49_05785
R01357,ec-code/6.2.1.16,IB49_17760
R01365,ec-code/2.8.3.9,IB49_01875
R01373,ec-code/4.2.1.51;ec-code/4.2.1.91,IB49_04880
R01374,ec-code/1.4.5.1,IB49_17395
R01385,ec-code/5.1.3.6,IB49_09140
R01392,ec-code/1.1.1.79;ec-code/1.1.1.81,IB49_06925 or IB49_03020 or IB49_17995 or IB49_12460
R01394,ec-code/5.3.1.22,IB49_17990
R01397,ec-code/2.1.3.2,IB49_15990 or IB49_16005
R01398,ec-code/2.1.3.3,IB49_14310
R01401,ec-code/3.2.2.9;ec-code/3.2.2.16,IB49_04580
R01419,ec-code/1.2.1.28,IB49_05715
R01422,ec-code/6.2.1.25,IB49_13605
R01424,ec-code/3.5.1.32,IB49_08765
R01430,ec-code/1.1.1.179,IB49_01385
R01432,ec-code/5.3.1.5,IB49_01375
R01434,ec-code/1.4.1.9;ec-code/1.4.1.23,IB49_03695
R01446,ec-code/1.2.1.22,IB49_05715 or IB49_01455
R01466,ec-code/4.2.3.1,IB49_06915 or IB49_00840
R01470,ec-code/3.1.4.2;ec-code/3.1.4.46,IB49_01085 or IB49_03710
R01473,ec-code/5.1.3.5,IB49_09080
R01481,ec-code/1.1.1.2;ec-code/1.1.1.19,IB49_13225
R01492,ec-code/2.5.1.17,IB49_03055 or IB49_00970
R01505,ec-code/1.3.1.28,IB49_00340
R01512,ec-code/2.7.2.3,IB49_07365
R01513,ec-code/1.1.1.95,IB49_03020
R01518,ec-code/5.4.2.11;ec-code/5.4.2.12,IB49_07355 or IB49_17740
R01521,ec-code/1.1.1.47,IB49_16180
R01525,ec-code/1.1.1.137;ec-code/1.1.1.405,IB49_10690
R01528,ec-code/1.1.1.44;ec-code/1.1.1.351,IB49_03505 or IB49_02195
R01529,ec-code/5.1.3.1,IB49_16120
R01541,ec-code/2.7.1.45;ec-code/2.7.1.178,IB49_01640
R01542,ec-code/1.1.1.125;ec-code/1.1.1.127,IB49_18420
R01544,ec-code/4.3.1.9,IB49_07485
R01547,ec-code/2.7.4.3;ec-code/2.7.4.11,IB49_10930
R01548,ec-code/2.7.1.48,IB49_04610
R01549,ec-code/2.7.1.48,IB49_04610
R01557,ec-code/5.4.99.16,IB49_13340
R01558,ec-code/6.2.1.8,IB49_13605
R01561,ec-code/2.4.2.1,IB49_03365 or IB49_18245
R01562,ec-code/3.1.3.6,IB49_00850 or IB49_08200
R01567,ec-code/2.7.1.21,IB49_09450
R01569,ec-code/3.1.3.5;ec-code/3.1.3.35;ec-code/3.1.3.89,IB49_08200
R01570,ec-code/2.4.2.2;ec-code/2.4.2.4,IB49_03360
R01579,ec-code/3.5.1.2;ec-code/3.5.1.35;ec-code/3.5.1.38,IB49_02950 or IB49_02335 or IB49_11725
R01582,ec-code/2.6.1.21,IB49_05190
R01602,ec-code/5.1.3.3,IB49_01380
R01616,ec-code/6.2.1.12,IB49_05325
R01626,ec-code/2.3.1.39;ec-code/2.3.1.85;ec-code/2.3.1.86;ec-code/2.3.1.-,IB49_16175
R01639,ec-code/2.7.1.17,IB49_01370
R01641,ec-code/2.2.1.1,IB49_16905
R01648,ec-code/2.6.1.19,IB49_11235 or IB49_17520
R01655,ec-code/3.5.4.9,IB49_03775
R01658,ec-code/2.5.1.1,IB49_03760 or IB49_02825
R01664,ec-code/3.1.3.5;ec-code/3.1.3.89,IB49_08200
R01665,ec-code/2.7.4.14;ec-code/2.7.4.25,IB49_02910 or IB49_02655
R01684,ec-code/2.6.1.55,IB49_17520
R01688,ec-code/2.7.2.7,IB49_03690
R01698,ec-code/1.8.1.4,IB49_15580 or IB49_03685
R01708,ec-code/1.1.1.65,IB49_01780
R01714,ec-code/4.2.3.5,IB49_02810
R01715,ec-code/5.4.99.5,IB49_05915 or IB49_04880 or IB49_02800 or IB49_04885
R01716,ec-code/2.6.1.85,IB49_10550 or IB49_10555
R01718,ec-code/3.2.1.10,IB49_13340
R01720,ec-code/1.17.1.5,IB49_12410
R01724,ec-code/6.3.4.21,IB49_01105
R01728,ec-code/1.3.1.12,IB49_02755 or IB49_02760
R01739,ec-code/1.1.1.215,IB49_06925
R01747,ec-code/1.1.1.60,IB49_15410
R01751,ec-code/4.1.1.73,IB49_09780
R01752,ec-code/1.2.1.3,IB49_05715
R01764,ec-code/4.1.1.7,IB49_12360
R01768,ec-code/1.17.1.4,IB49_12410
R01771,ec-code/2.7.1.39,IB49_06910
R01775,ec-code/1.1.1.3,IB49_08370
R01781,ec-code/1.1.1.77,IB49_13915
R01782,ec-code/4.1.2.28,IB49_01615
R01818,ec-code/5.4.2.8,IB49_12180 or IB49_12195
R01825,ec-code/1.2.1.72,IB49_05520
R01826,ec-code/2.5.1.54,IB49_05915
R01829,ec-code/4.1.2.13,IB49_09485
R01838,ec-code/1.1.1.51;ec-code/1.1.1.64,IB49_00335
R01845,ec-code/3.1.3.11;ec-code/3.1.3.37,IB49_09470
R01855,ec-code/3.6.1.-,IB49_05200
R01857,ec-code/2.7.4.6,IB49_02820
R01858,ec-code/2.7.1.40,IB49_05580 or IB49_07195
R01859,ec-code/6.4.1.3,IB49_18380 or IB49_18360 or IB49_03790 or IB49_03530
R01863,ec-code/2.4.2.1;ec-code/2.4.2.15,IB49_03365 or IB49_18245
R01869,ec-code/1.3.1.14,IB49_16015
R01870,ec-code/2.4.2.10,IB49_16025
R01876,ec-code/2.4.2.2;ec-code/2.4.2.3,IB49_03360
R01877,ec-code/3.1.3.6,IB49_00850 or IB49_08200
R01878,ec-code/3.5.4.5,IB49_04245
R01880,ec-code/2.7.1.48,IB49_04610
R01900,ec-code/4.2.1.3,IB49_16985
R01901,ec-code/2.7.1.53,IB49_01370
R01920,ec-code/2.5.1.16,IB49_09580 or IB49_00660
R01933,ec-code/1.2.4.2;ec-code/1.8.1.4;ec-code/2.3.1.61,IB49_15580 or IB49_15395 or IB49_03685
R01934,ec-code/1.1.1.87;ec-code/1.1.1.286,IB49_05165
R01939,ec-code/2.6.1.39,IB49_13970
R01943,ec-code/6.2.1.12,IB49_05325
R01954,ec-code/6.3.4.5,IB49_05670
R01968,ec-code/3.1.3.5;ec-code/3.1.3.89,IB49_08200
R01969,ec-code/2.4.2.1;ec-code/2.4.2.4,IB49_03365 or IB49_18245
R01974,ec-code/4.1.1.43;ec-code/4.1.1.74,IB49_12360
R01976,ec-code/1.1.1.157,IB49_09530 or IB49_12160
R01977,ec-code/1.1.1.36,IB49_16180
R01986,ec-code/1.2.1.3,IB49_05715
R01990,ec-code/3.5.3.7,IB49_09575
R01993,ec-code/3.5.2.3,IB49_15995 or IB49_16005
R02003,ec-code/2.5.1.10,IB49_03760 or IB49_02825
R02016,ec-code/1.8.1.9,IB49_07485
R02017,ec-code/1.17.4.1,IB49_03900 or IB49_14825 or IB49_14820 or IB49_05710
R02018,ec-code/1.17.4.1,IB49_03900 or IB49_14825 or IB49_14820 or IB49_05710
R02019,ec-code/1.17.4.1,IB49_03900 or IB49_14825 or IB49_14820 or IB49_05710
R02021,ec-code/1.8.4.8,IB49_12610
R02024,ec-code/1.17.4.1,IB49_03900 or IB49_14825 or IB49_14820 or IB49_05710
R02025,ec-code/1.8.4.13;ec-code/1.8.4.14,IB49_05855
R02026,,IB49_04570 or IB49_11840 or IB49_14655
R02034,ec-code/1.1.1.43,IB49_06925
R02059,ec-code/3.5.1.25,IB49_03170
R02060,ec-code/5.4.2.10,IB49_11115
R02061,ec-code/2.5.1.29,IB49_03760 or IB49_02825
R02085,ec-code/4.2.1.18,IB49_05315
R02088,ec-code/3.1.3.5;ec-code/3.1.3.89,IB49_08200
R02090,ec-code/2.7.4.8;ec-code/2.7.4.12,IB49_16065
R02091,ec-code/2.7.1.48,IB49_04610
R02093,ec-code/2.7.4.6,IB49_02820
R02094,ec-code/2.7.4.9;ec-code/2.7.4.12,IB49_10320
R02096,ec-code/2.7.1.48,IB49_04610
R02097,ec-code/2.7.1.48,IB49_04610
R02098,ec-code/2.7.4.4;ec-code/2.7.4.9,IB49_10320
R02099,ec-code/2.7.1.21,IB49_09450
R02100,ec-code/3.6.1.23;ec-code/3.6.1.-,IB49_05200
R02102,ec-code/3.1.3.5;ec-code/3.1.3.89,IB49_08200
R02103,ec-code/1.17.1.4,IB49_12410
R02124,ec-code/1.1.1.1;ec-code/1.1.1.105,IB49_13935
R02133,ec-code/3.5.99.2,IB49_13365
R02135,ec-code/3.1.3.1;ec-code/3.1.3.2;ec-code/3.1.3.100,IB49_16115 or IB49_05390
R02142,ec-code/2.4.2.8;ec-code/2.4.2.22,IB49_10525 or IB49_10520
R02147,ec-code/2.4.2.1;ec-code/2.4.2.15,IB49_03365 or IB49_18245
R02148,ec-code/3.1.3.6,IB49_00850 or IB49_08200
R02164,ec-code/1.3.5.1;ec-code/1.3.5.4,IB49_05240
R02194,ec-code/6.2.1.12,IB49_05325
R02196,ec-code/1.4.1.9,IB49_03695
R02199,ec-code/2.6.1.42,IB49_05190
R02221,ec-code/6.2.1.12,IB49_05325
R02229,ec-code/1.1.1.163;ec-code/1.1.1.245,IB49_00335
R02236,ec-code/1.5.1.3,IB49_00910
R02255,ec-code/6.2.1.12,IB49_05325
R02257,ec-code/1.1.1.77,IB49_13915
R02260,ec-code/1.1.1.283;ec-code/1.2.1.49,IB49_13225
R02272,ec-code/5.4.3.8,IB49_05090
R02273,ec-code/3.5.1.30,IB49_15035
R02274,ec-code/2.6.1.48,IB49_11235
R02280,ec-code/3.5.4.22,IB49_16620
R02282,ec-code/2.3.1.35,IB49_14285
R02283,ec-code/2.6.1.11,IB49_11235
R02291,ec-code/1.2.1.11,IB49_16610
R02294,ec-code/2.4.2.1,IB49_03365 or IB49_18245
R02295,ec-code/2.4.2.1,IB49_03365 or IB49_18245
R02296,ec-code/2.4.2.2,IB49_03360
R02297,ec-code/2.4.2.1;ec-code/2.4.2.-,IB49_03365 or IB49_18245
R02300,ec-code/2.1.2.10,IB49_03930
R02301,ec-code/6.3.3.2,IB49_04055
R02322,ec-code/3.5.1.42,IB49_16705
R02323,ec-code/3.1.3.5;ec-code/3.1.3.-,IB49_08200
R02326,ec-code/2.7.4.6,IB49_02820
R02327,ec-code/2.7.1.48,IB49_04610
R02331,ec-code/2.7.4.6,IB49_02820
R02332,ec-code/2.7.1.48,IB49_04610
R02340,ec-code/4.1.2.8;ec-code/4.2.1.20,IB49_02770 or IB49_02775
R02352,ec-code/1.1.1.51;ec-code/1.1.1.62,IB49_00335
R02370,ec-code/3.1.3.6,IB49_00850 or IB49_08200
R02371,ec-code/2.7.1.48,IB49_04610
R02372,ec-code/2.7.1.48,IB49_04610
R02377,ec-code/1.1.1.202,IB49_13915 or IB49_02205
R02394,ec-code/1.3.3.5,IB49_14805
R02401,ec-code/1.2.1.20,IB49_05715
R02404,ec-code/6.2.1.5,IB49_16275 or IB49_16270
R02408,ec-code/4.4.1.1;ec-code/4.4.1.13;ec-code/4.4.1.35,IB49_06650 or IB49_04570 or IB49_14660
R02410,ec-code/3.2.1.26,IB49_09760
R02412,ec-code/2.7.1.71,IB49_02805 or IB49_02075
R02423,ec-code/3.5.3.9,IB49_08770
R02425,ec-code/3.5.2.5,IB49_15995
R02429,ec-code/4.2.1.82,IB49_02040
R02433,ec-code/2.6.1.1,IB49_02630 or IB49_06635
R02473,ec-code/6.3.2.1,IB49_02655
R02484,ec-code/2.4.2.1;ec-code/2.4.2.2;ec-code/2.4.2.3;ec-code/2.4.2.4,IB49_03360 or IB49_03365 or IB49_18245
R02485,ec-code/3.5.4.5,IB49_04245
R02487,ec-code/1.3.8.6,IB49_12835
R02488,ec-code/1.3.8.6,IB49_12835
R02508,ec-code/2.5.1.48,IB49_04570 or IB49_14655
R02527,ec-code/1.1.1.78;ec-code/1.1.1.79,IB49_06925 or IB49_12460
R02528,ec-code/1.1.1.-,IB49_06615
R02536,ec-code/1.2.1.5;ec-code/1.2.1.39,IB49_05715
R02537,ec-code/1.2.1.5,IB49_05715
R02540,ec-code/3.5.1.4,IB49_11830 or IB49_03125
R02545,ec-code/1.1.1.93,IB49_09780
R02549,ec-code/1.2.1.3;ec-code/1.2.1.19;ec-code/1.2.1.-,IB49_05715
R02557,ec-code/2.4.2.1,IB49_03365 or IB49_18245
R02558,ec-code/3.2.1.21;ec-code/3.2.1.118,IB49_08540
R02566,ec-code/1.2.1.8,IB49_05715
R02568,ec-code/4.1.2.13,IB49_09485
R02619,ec-code/2.6.1.1,IB49_02630 or IB49_06635
R02658,ec-code/2.7.1.13,IB49_01640
R02672,ec-code/4.1.1.7,IB49_12360
R02678,ec-code/1.2.1.3,IB49_05715
R02695,ec-code/1.2.1.5;ec-code/1.2.1.29;ec-code/1.2.1.53,IB49_05715
R02697,ec-code/1.2.1.5,IB49_05715
R02698,ec-code/1.14.14.9,IB49_07205
R02705,ec-code/2.7.1.60,IB49_04020
R02719,ec-code/3.1.3.5,IB49_08200
R02720,ec-code/3.6.1.66;ec-code/3.6.1.-,IB49_05200
R02722,ec-code/4.2.1.20,IB49_02770 or IB49_02775
R02733,ec-code/3.5.1.47,IB49_15525
R02734,ec-code/3.5.1.18,IB49_06015
R02735,ec-code/5.1.1.7,IB49_06885
R02748,ec-code/2.4.2.1;ec-code/2.4.2.4,IB49_03365 or IB49_18245
R02749,ec-code/5.4.2.7,IB49_03370
R02750,ec-code/2.7.1.15,IB49_08685
R02762,ec-code/1.2.1.85,IB49_05715
R02765,ec-code/5.1.99.1,IB49_03535
R02776,ec-code/1.1.1.134;ec-code/1.1.1.344,IB49_17995
R02783,ec-code/6.3.2.9,IB49_15860
R02786,ec-code/6.3.2.7,IB49_15845
R02788,ec-code/6.3.2.13,IB49_15845
R02832,ec-code/1.1.1.206,IB49_18420
R02855,ec-code/1.1.1.303,IB49_16180
R02864,ec-code/4.99.1.4,IB49_12590 or IB49_01030 or IB49_12585
R02869,ec-code/2.5.1.16;ec-code/2.5.1.22,IB49_09580 or IB49_00660
R02914,ec-code/4.2.1.49,IB49_17085
R02921,ec-code/2.7.7.40,IB49_10690
R02928,ec-code/1.1.1.16,IB49_16180
R02935,ec-code/1.1.1.154;ec-code/1.1.1.350,IB49_01645
R02936,ec-code/1.1.1.154,IB49_01645
R02940,ec-code/1.2.1.3,IB49_05715
R02946,ec-code/1.1.1.4,IB49_16180
R02957,ec-code/1.2.1.3,IB49_05715
R02971,ec-code/2.7.1.33;ec-code/2.7.1.34,IB49_10535
R02984,ec-code/5.1.3.2,IB49_09080
R02985,ec-code/3.2.1.21;ec-code/3.2.1.117,IB49_08540
R02986,ec-code/6.2.1.31,IB49_16820
R02990,ec-code/2.8.3.6,IB49_01875
R02991,ec-code/3.1.1.24,IB49_06255
R03004,ec-code/3.6.1.9;ec-code/3.6.1.22,IB49_10460
R03005,ec-code/2.7.7.1;ec-code/2.7.7.18,IB49_04475
R03012,ec-code/1.1.1.23,IB49_07525
R03013,ec-code/3.1.3.15,IB49_07520 or IB49_05850 or IB49_03025
R03018,ec-code/2.7.1.33,IB49_10535
R03024,ec-code/3.1.3.1;ec-code/3.1.3.2;ec-code/3.1.3.41,IB49_06945
R03026,ec-code/4.2.1.17,IB49_09530 or IB49_18375 or IB49_05315
R03035,ec-code/2.7.7.3,IB49_15775
R03036,ec-code/3.6.1.9,IB49_10460
R03045,ec-code/4.2.1.17;ec-code/4.2.1.116;ec-code/4.2.1.-,IB49_09530 or IB49_18375 or IB49_05315
R03051,ec-code/1.1.1.86,IB49_05175
R03066,ec-code/2.5.1.15,IB49_10565
R03067,ec-code/2.5.1.15,IB49_10565
R03083,ec-code/4.2.3.4,IB49_02805
R03084,ec-code/4.2.1.10,IB49_02095
R03096,ec-code/3.5.1.4;ec-code/3.5.1.-,IB49_11830 or IB49_03125
R03104,ec-code/1.1.1.27,IB49_12995
R03119,ec-code/1.1.1.202,IB49_13915
R03122,ec-code/3.2.1.54,IB49_13785
R03132,ec-code/2.5.1.144,IB49_10545
R03145,ec-code/1.2.5.1,IB49_05185
R03165,ec-code/4.2.1.75,IB49_05100 or IB49_12590 or IB49_01175
R03177,ec-code/1.2.1.54,IB49_05715
R03180,ec-code/3.5.1.4,IB49_11830 or IB49_03125
R03182,ec-code/6.3.3.3,IB49_07185
R03192,ec-code/1.3.1.98,IB49_14865
R03193,ec-code/6.3.2.8,IB49_05935
R03194,ec-code/2.1.1.107,IB49_12590 or IB49_00975
R03197,ec-code/4.1.1.37,IB49_13580
R03209,ec-code/6.2.1.14,IB49_02360
R03210,ec-code/2.3.1.47,IB49_02360
R03217,ec-code/2.5.1.48,IB49_04570 or IB49_14655
R03222,ec-code/1.3.3.4,IB49_13590
R03223,ec-code/2.5.1.3,IB49_09805
R03231,ec-code/2.6.1.62,IB49_07180
R03236,ec-code/2.7.1.11;ec-code/2.7.1.56;ec-code/2.7.1.144,IB49_05585 or IB49_01215
R03237,ec-code/2.7.1.11,IB49_05585 or IB49_01215
R03238,ec-code/2.7.1.11,IB49_05585 or IB49_01215
R03239,ec-code/2.7.1.11,IB49_05585 or IB49_01215
R03243,ec-code/2.6.1.9,IB49_03080
R03256,ec-code/3.2.1.85,IB49_08540
R03260,ec-code/2.5.1.48,IB49_04570 or IB49_14655
R03276,ec-code/5.1.2.3,IB49_09530
R03283,ec-code/1.2.1.3;ec-code/1.2.1.47,IB49_05715
R03293,ec-code/1.5.1.2,IB49_03455
R03300,ec-code/1.2.1.5;ec-code/1.2.1.29,IB49_05715
R03302,ec-code/1.2.1.5,IB49_05715
R03307,ec-code/5.5.1.2,IB49_11710
R03313,ec-code/1.2.1.41,IB49_02050
R03315,ec-code/2.7.1.83,IB49_17110
R03317,ec-code/1.1.1.336,IB49_07990
R03346,ec-code/3.1.3.5;ec-code/3.1.3.-,IB49_08200
R03348,ec-code/2.4.2.19,IB49_04860
R03383,ec-code/6.2.1.-,IB49_13605
R03387,ec-code/2.7.1.58;ec-code/2.7.1.178,IB49_01640
R03407,ec-code/1.1.1.51,IB49_00335
R03457,ec-code/4.2.1.19,IB49_07520
R03458,ec-code/1.1.1.193,IB49_03275
R03459,ec-code/3.5.4.26,IB49_03275
R03460,ec-code/2.5.1.19,IB49_02755
R03471,ec-code/2.7.1.49,IB49_09805
R03472,ec-code/4.1.99.17,IB49_10530
R03494,ec-code/6.4.1.5,IB49_18380 or IB49_18360
R03503,ec-code/2.7.6.3,IB49_10565 or IB49_10575
R03504,ec-code/4.1.2.25,IB49_10575 or IB49_10570
R03508,ec-code/4.1.1.48,IB49_02785 or IB49_10555
R03509,ec-code/5.3.1.24,IB49_02785 or IB49_10555
R03530,ec-code/2.7.4.6,IB49_02820
R03531,ec-code/3.6.1.66;ec-code/3.6.1.-,IB49_05200
R03537,ec-code/3.1.4.16,IB49_00850 or IB49_08200
R03538,ec-code/3.1.4.16,IB49_00850 or IB49_08200
R03545,ec-code/1.1.1.-,IB49_06615
R03596,ec-code/1.8.1.9,IB49_07485
R03601,ec-code/2.5.1.47,IB49_10545
R03635,ec-code/3.2.1.26,IB49_09760
R03707,ec-code/1.1.1.76,IB49_00335 or IB49_16180
R03777,ec-code/1.3.3.6;ec-code/1.3.8.7;ec-code/1.3.8.8;ec-code/1.3.99.-,IB49_16825 or IB49_15415 or IB49_05755
R03778,ec-code/2.3.1.16,IB49_01860 or IB49_07135 or IB49_05740
R03857,ec-code/1.3.3.6;ec-code/1.3.8.7;ec-code/1.3.8.8;ec-code/1.3.99.-,IB49_16825 or IB49_15415 or IB49_05755
R03858,ec-code/2.3.1.16,IB49_01860 or IB49_07135 or IB49_05740
R03869,ec-code/1.2.1.3,IB49_05715
R03889,ec-code/1.2.1.32,IB49_05715
R03896,ec-code/4.2.1.35,IB49_05160 or IB49_05155
R03898,ec-code/4.2.1.35,IB49_05160 or IB49_05155
R03921,ec-code/3.2.1.26,IB49_09760
R03929,ec-code/3.1.4.16,IB49_00850 or IB49_08200
R03942,ec-code/1.1.1.173,IB49_16180
R03947,ec-code/1.3.1.76,IB49_12590
R03948,ec-code/2.1.1.130,IB49_01005
R03968,ec-code/4.2.1.33,IB49_05160 or IB49_05155
R03990,ec-code/1.3.3.6;ec-code/1.3.8.7;ec-code/1.3.8.8;ec-code/1.3.8.9,IB49_16825 or IB49_15415 or IB49_05755
R03991,ec-code/2.3.1.16;ec-code/2.3.1.155,IB49_01860 or IB49_07135 or IB49_05740
R03999,ec-code/1.14.13.40,IB49_03465
R04001,ec-code/4.2.1.33,IB49_05160 or IB49_05155
R04030,ec-code/6.2.1.26,IB49_06240
R04031,ec-code/4.2.1.113,IB49_14910
R04035,ec-code/3.6.1.31,IB49_07495
R04037,ec-code/3.5.4.19,IB49_07495
R04065,ec-code/1.2.1.3,IB49_05715
R04095,ec-code/1.3.8.4;ec-code/1.3.8.7,IB49_09520 or IB49_15415 or IB49_05755
R04112,ec-code/3.5.1.28,IB49_07930 or IB49_15195 or IB49_11010 or IB49_12310 or IB49_09665
R04134,ec-code/5.3.3.-,IB49_13750
R04137,ec-code/4.2.1.17,IB49_09530 or IB49_05315
R04138,ec-code/6.4.1.4,IB49_18380 or IB49_18360
R04143,ec-code/2.7.1.100,IB49_15030
R04144,ec-code/6.3.4.13,IB49_11755
R04148,ec-code/2.4.2.21,IB49_00980
R04158,ec-code/2.5.1.41,IB49_11780
R04170,ec-code/4.2.1.17;ec-code/4.2.1.74,IB49_09530 or IB49_05315
R04173,ec-code/2.6.1.52,IB49_13520
R04178,ec-code/1.3.3.15,IB49_13590
R04187,ec-code/2.6.1.18,IB49_17520
R04188,ec-code/2.6.1.22,IB49_11235
R04199,ec-code/1.17.1.8,IB49_02690
R04203,ec-code/1.1.1.35;ec-code/1.1.1.178,IB49_09530
R04204,ec-code/4.2.1.17,IB49_09530 or IB49_05315
R04208,ec-code/6.3.3.1,IB49_11740
R04224,ec-code/4.2.1.17,IB49_09530 or IB49_05315
R04251,ec-code/1.2.1.-,IB49_01455
R04292,ec-code/2.5.1.72,IB49_04855
R04325,ec-code/2.1.2.2,IB49_11745
R04326,ec-code/2.1.2.2,IB49_11745
R04355,ec-code/2.3.1.41;ec-code/2.3.1.85;ec-code/2.3.1.86;ec-code/2.3.1.179,IB49_14345
R04364,ec-code/2.3.1.89;ec-code/2.3.1.-,IB49_15520
R04378,ec-code/2.4.2.7,IB49_04760
R04380,ec-code/4.1.1.68,IB49_13750
R04391,ec-code/2.7.1.33,IB49_10535
R04418,ec-code/1.1.1.312;ec-code/1.2.1.60,IB49_05715 or IB49_07235
R04420,ec-code/5.3.1.23,IB49_15025
R04426,ec-code/1.1.1.85,IB49_05165
R04428,ec-code/2.3.1.85;ec-code/2.3.1.86;ec-code/2.3.1.-;ec-code/4.2.1.59,IB49_09195
R04430,ec-code/1.3.1.10;ec-code/1.3.1.39;ec-code/1.3.1.104;ec-code/1.3.1.-,IB49_12935 or IB49_14495
R04432,ec-code/1.3.8.1,IB49_09520
R04439,ec-code/1.1.1.86;ec-code/1.1.1.383,IB49_05175
R04440,ec-code/1.1.1.86,IB49_05175
R04441,ec-code/4.2.1.9,IB49_02040
R04445,ec-code/1.2.1.88,IB49_11230
R04448,ec-code/2.7.1.50,IB49_17895
R04457,ec-code/2.5.1.78,IB49_03260
R04463,ec-code/6.3.5.3,IB49_11730 or IB49_11725 or IB49_11720
R04467,ec-code/2.6.1.-,IB49_06635
R04475,ec-code/2.6.1.17,IB49_06635 or IB49_11235
R04506,ec-code/1.2.1.3,IB49_05715
R04509,ec-code/2.7.4.7,IB49_09805
R04533,ec-code/1.1.1.100;ec-code/1.1.1.-;ec-code/2.3.1.85;ec-code/2.3.1.86,IB49_16180 or IB49_05650 or IB49_05745
R04534,ec-code/1.1.1.100;ec-code/1.1.1.-;ec-code/2.3.1.85;ec-code/2.3.1.86,IB49_16180 or IB49_05650 or IB49_05745
R04535,ec-code/2.3.1.85;ec-code/2.3.1.86;ec-code/2.3.1.-;ec-code/4.2.1.59,IB49_09195
R04536,ec-code/1.1.1.100;ec-code/1.1.1.-;ec-code/2.3.1.85;ec-code/2.3.1.86,IB49_16180 or IB49_05650 or IB49_05745
R04537,ec-code/2.3.1.85;ec-code/2.3.1.86;ec-code/2.3.1.-;ec-code/4.2.1.59,IB49_09195
R04540,ec-code/1.8.98.1,IB49_09540
R04543,ec-code/1.1.1.100;ec-code/1.1.1.-;ec-code/2.3.1.85;ec-code/2.3.1.86,IB49_16180 or IB49_05650 or IB49_05745
R04544,ec-code/2.3.1.85;ec-code/2.3.1.86;ec-code/2.3.1.-;ec-code/4.2.1.59,IB49_09195
R04547,ec-code/1.3.99.-,IB49_09520
R04558,ec-code/4.3.2.10,IB49_07500 or IB49_07510
R04559,ec-code/4.3.2.2,IB49_11710
R04560,ec-code/2.1.2.3,IB49_11750
R04566,ec-code/1.1.1.100;ec-code/1.1.1.-;ec-code/2.3.1.85;ec-code/2.3.1.86,IB49_16180 or IB49_05650 or IB49_05745
R04568,ec-code/2.3.1.85;ec-code/2.3.1.86;ec-code/2.3.1.-;ec-code/4.2.1.59,IB49_09195
R04587,ec-code/3.5.1.108,IB49_09195
R04591,ec-code/6.3.2.6,IB49_11715
R04592,ec-code/1.3.99.-,IB49_09520
R04617,ec-code/6.3.2.10,IB49_15845
R04640,ec-code/5.3.1.16,IB49_07505
R04666,ec-code/3.5.1.6,IB49_08770
R04673,ec-code/2.2.1.6,IB49_05185 or IB49_05180
R04725,ec-code/1.3.1.10;ec-code/1.3.1.39;ec-code/1.3.1.104;ec-code/1.3.1.-,IB49_12935 or IB49_14495
R04726,ec-code/2.3.1.41;ec-code/2.3.1.85;ec-code/2.3.1.86;ec-code/2.3.1.179,IB49_14345
R04737,ec-code/1.1.1.35;ec-code/1.1.1.211,IB49_09530
R04738,ec-code/4.2.1.17;ec-code/4.2.1.74,IB49_09530 or IB49_05315
R04739,ec-code/1.1.1.35;ec-code/1.1.1.211,IB49_09530
R04740,ec-code/4.2.1.17;ec-code/4.2.1.74,IB49_09530 or IB49_05315
R04741,ec-code/1.1.1.35;ec-code/1.1.1.211,IB49_09530
R04742,ec-code/2.3.1.16,IB49_01860 or IB49_07135 or IB49_05740
R04743,ec-code/1.1.1.35;ec-code/1.1.1.211,IB49_09530
R04744,ec-code/4.2.1.17;ec-code/4.2.1.74,IB49_09530 or IB49_05315
R04745,ec-code/1.1.1.35;ec-code/1.1.1.211,IB49_09530
R04746,ec-code/4.2.1.17;ec-code/4.2.1.74,IB49_09530 or IB49_05315
R04747,ec-code/2.3.1.16,IB49_01860 or IB49_07135 or IB49_05740
R04748,ec-code/1.1.1.35;ec-code/1.1.1.211,IB49_09530
R04749,ec-code/4.2.1.17;ec-code/4.2.1.74,IB49_09530 or IB49_05315
R04751,ec-code/1.3.3.6;ec-code/1.3.8.1;ec-code/1.3.8.7;ec-code/1.3.8.8,IB49_09520 or IB49_16825 or IB49_15415 or IB49_05755
R04754,ec-code/1.3.3.6;ec-code/1.3.8.7;ec-code/1.3.8.8;ec-code/1.3.99.-,IB49_16825 or IB49_15415 or IB49_05755
R04756,ec-code/5.3.3.8,IB49_09530
R04770,ec-code/4.4.1.1;ec-code/4.4.1.11,IB49_04570
R04771,ec-code/2.5.1.6,IB49_06120
R04805,ec-code/1.1.1.1,IB49_13935
R04831,ec-code/1.1.1.53,IB49_00335
R04834,ec-code/1.1.1.53,IB49_00335
R04844,ec-code/1.1.1.53,IB49_00335
R04847,ec-code/1.1.1.53,IB49_00335
R04859,ec-code/2.5.1.47;ec-code/2.5.1.49,IB49_10545 or IB49_11840
R04880,ec-code/1.1.1.1,IB49_13935 or IB49_13915 or IB49_02205
R04882,ec-code/1.2.1.5,IB49_05715
R04883,ec-code/1.2.1.5,IB49_05715
R04888,ec-code/1.2.1.5,IB49_05715
R04889,ec-code/1.2.1.5,IB49_05715
R04891,ec-code/1.2.1.5,IB49_05715
R04892,ec-code/1.2.1.5,IB49_05715
R04903,ec-code/1.2.1.3,IB49_05715
R04928,ec-code/2.7.1.25,IB49_12595
R04929,ec-code/2.7.7.4,IB49_12595 or IB49_12600
R04930,ec-code/4.4.1.1,IB49_04570
R04941,ec-code/4.4.1.13,IB49_06650 or IB49_14660
R04942,ec-code/4.2.1.22,IB49_17970
R04944,ec-code/2.5.1.48,IB49_04570 or IB49_14655
R04945,ec-code/2.5.1.48,IB49_04570 or IB49_14655
R04946,ec-code/2.5.1.48,IB49_04570 or IB49_14655
R04952,ec-code/2.3.1.41;ec-code/2.3.1.85;ec-code/2.3.1.86;ec-code/2.3.1.179,IB49_14345
R04953,ec-code/1.1.1.100;ec-code/1.1.1.-;ec-code/2.3.1.85;ec-code/2.3.1.86,IB49_16180 or IB49_05650 or IB49_05745
R04954,ec-code/2.3.1.85;ec-code/2.3.1.86;ec-code/2.3.1.-;ec-code/4.2.1.59,IB49_09195
R04956,ec-code/1.3.1.10;ec-code/1.3.1.39;ec-code/1.3.1.104;ec-code/1.3.1.-,IB49_12935 or IB49_14495
R04957,ec-code/2.3.1.41;ec-code/2.3.1.85;ec-code/2.3.1.86;ec-code/2.3.1.179,IB49_14345
R04959,ec-code/1.3.1.10;ec-code/1.3.1.39;ec-code/1.3.1.104;ec-code/1.3.1.-,IB49_12935 or IB49_14495
R04960,ec-code/2.3.1.41;ec-code/2.3.1.85;ec-code/2.3.1.86;ec-code/2.3.1.179,IB49_14345
R04962,ec-code/1.3.1.10;ec-code/1.3.1.39;ec-code/1.3.1.104;ec-code/1.3.1.-,IB49_12935 or IB49_14495
R04963,ec-code/2.3.1.41;ec-code/2.3.1.85;ec-code/2.3.1.86;ec-code/2.3.1.179,IB49_14345
R04964,ec-code/1.1.1.100;ec-code/1.1.1.-;ec-code/2.3.1.85;ec-code/2.3.1.86,IB49_16180 or IB49_05650 or IB49_05745
R04965,ec-code/2.3.1.85;ec-code/2.3.1.86;ec-code/2.3.1.-;ec-code/4.2.1.59,IB49_09195
R04967,ec-code/1.3.1.10;ec-code/1.3.1.39;ec-code/1.3.1.104;ec-code/1.3.1.-,IB49_12935 or IB49_14495
R04968,ec-code/2.3.1.41;ec-code/2.3.1.85;ec-code/2.3.1.86;ec-code/2.3.1.179,IB49_14345
R04970,ec-code/1.3.1.10;ec-code/1.3.1.39;ec-code/1.3.1.104;ec-code/1.3.1.-,IB49_12935 or IB49_14495
R04972,ec-code/4.1.1.37,IB49_13580
R04990,ec-code/2.1.1.201,IB49_02830
R04996,ec-code/1.2.1.5,IB49_05715
R04998,ec-code/3.2.1.21,IB49_08540
R05032,ec-code/2.4.1.227,IB49_11355
R05046,ec-code/3.5.4.16,IB49_02845
R05049,ec-code/1.2.1.71,IB49_11230
R05050,ec-code/1.2.1.3,IB49_05715
R05051,ec-code/1.2.1.88,IB49_11230
R05052,ec-code/2.6.1.1;ec-code/2.6.1.23,IB49_02630 or IB49_06635
R05053,ec-code/2.6.1.21,IB49_05190
R05066,ec-code/1.1.1.31;ec-code/1.1.1.35,IB49_15410 or IB49_09530
R05068,ec-code/1.1.1.86,IB49_05175
R05069,ec-code/1.1.1.86;ec-code/5.4.99.3,IB49_05175
R05070,ec-code/4.2.1.9,IB49_02040
R05071,ec-code/1.1.1.86;ec-code/5.4.99.3,IB49_05175
R05085,ec-code/2.6.1.52,IB49_13520
R05086,ec-code/4.2.3.1,IB49_06915 or IB49_00840
R05135,ec-code/3.1.4.16,IB49_00850 or IB49_08200
R05149,ec-code/2.1.1.132,IB49_01010
R05168,ec-code/3.5.1.25,IB49_03170
R05177,ec-code/5.4.99.61,IB49_01020
R05181,ec-code/2.1.1.133,IB49_12590
R05223,ec-code/2.7.8.26,IB49_03070
R05224,ec-code/6.3.5.9,IB49_00990
R05231,ec-code/1.1.1.2,IB49_13225
R05233,ec-code/1.1.1.1,IB49_13935 or IB49_13915 or IB49_02205
R05234,ec-code/1.1.1.1,IB49_13935 or IB49_13915 or IB49_02205
R05235,ec-code/1.2.1.29,IB49_05715
R05237,ec-code/1.2.1.3,IB49_05715
R05238,ec-code/1.2.1.3,IB49_05715
R05240,ec-code/1.3.1.58,IB49_00240
R05243,ec-code/1.3.1.-,IB49_00335
R05286,ec-code/1.2.1.3,IB49_05715
R05289,ec-code/1.2.1.7;ec-code/1.2.1.28,IB49_05715
R05300,ec-code/5.5.1.1,IB49_09890
R05305,ec-code/1.1.1.35;ec-code/1.1.1.259,IB49_09530
R05316,ec-code/1.3.7.9,IB49_12410
R05332,ec-code/2.3.1.157,IB49_10420
R05338,ec-code/4.1.2.43,IB49_02240
R05339,ec-code/5.3.1.27,IB49_02240 or IB49_02235 or IB49_01650
R05353,ec-code/1.2.1.85,IB49_05715
R05378,ec-code/4.1.2.29,IB49_09485
R05390,ec-code/5.5.1.1,IB49_09890
R05506,ec-code/2.3.1.16;ec-code/2.3.1.-,IB49_07135 or IB49_05740
R05526,ec-code/1.1.1.384,IB49_01385
R05551,ec-code/3.5.1.4,IB49_11830 or IB49_03125
R05553,ec-code/4.1.3.38,IB49_10560 or IB49_10550
R05575,ec-code/1.1.1.35,IB49_00240
R05576,ec-code/1.1.1.157,IB49_09530 or IB49_12160
R05582,ec-code/1.1.1.-,IB49_16180
R05584,ec-code/1.3.8.3,IB49_00235
R05586,ec-code/2.3.1.16,IB49_07135 or IB49_05740
R05590,ec-code/3.5.1.4,IB49_11830 or IB49_03125
R05592,ec-code/3.1.2.-,IB49_06250
R05595,ec-code/4.2.1.17,IB49_05315
R05599,ec-code/4.2.1.-,IB49_18375
R05600,ec-code/4.2.1.-,IB49_18375
R05605,ec-code/4.1.2.14;ec-code/4.1.2.55,IB49_01635
R05620,ec-code/6.2.1.-,IB49_18355
R05627,ec-code/3.6.1.27,IB49_11345 or IB49_17550
R05629,ec-code/2.7.8.13,IB49_15855
R05630,ec-code/2.7.8.13,IB49_15855
R05633,ec-code/2.7.7.60,IB49_10690 or IB49_10695
R05634,ec-code/2.7.1.148,IB49_10395
R05636,ec-code/2.2.1.7,IB49_03750
R05637,ec-code/4.6.1.12,IB49_10695
R05643,ec-code/1.2.1.78,IB49_05715
R05651,ec-code/2.3.3.15,IB49_12360
R05661,ec-code/2.7.1.92,IB49_01640
R05662,ec-code/2.4.1.227,IB49_11355
R05663,ec-code/1.2.1.7;ec-code/1.2.1.28,IB49_05715
R05664,ec-code/1.2.1.7;ec-code/1.2.1.28,IB49_05715
R05688,ec-code/1.1.1.267,IB49_16505
R05693,ec-code/1.1.1.310,IB49_03020
R05699,ec-code/1.2.1.67,IB49_05715
R05706,ec-code/1.5.1.38;ec-code/1.5.1.39;ec-code/1.5.1.-,IB49_00225 or IB49_08425
R05772,ec-code/4.2.1.101,IB49_18375
R05773,ec-code/4.1.2.41,IB49_18375
R05789,ec-code/3.1.3.71,IB49_15440
R05808,ec-code/2.1.1.151,IB49_01005
R05814,ec-code/5.4.99.60,IB49_01020
R05884,ec-code/1.17.7.4,IB49_04180
R06180,ec-code/1.1.1.93,IB49_09780
R06268,ec-code/1.21.98.3,IB49_14990
R06269,ec-code/1.21.98.3,IB49_14990
R06270,ec-code/1.21.98.3,IB49_14990
R06366,ec-code/1.2.1.3,IB49_05715
R06423,ec-code/2.6.1.89,IB49_08005
R06426,ec-code/2.6.1.106,IB49_08005
R06447,ec-code/2.5.1.31,IB49_16495
R06513,ec-code/4.2.1.46,IB49_09140
R06530,ec-code/4.1.1.81,IB49_03080
R06583,ec-code/6.2.1.12,IB49_05325
R06590,ec-code/2.2.1.1,IB49_16905
R06625,ec-code/2.3.1.246,IB49_18375
R06631,ec-code/2.6.1.-,IB49_08005
R06635,ec-code/2.3.1.-,IB49_14345
R06637,ec-code/2.3.1.-,IB49_14345
R06641,ec-code/2.3.1.-,IB49_14345
R06643,ec-code/2.3.1.235;ec-code/2.3.1.-,IB49_14345
R06644,ec-code/2.3.1.-,IB49_14345
R06645,ec-code/2.3.1.-,IB49_14345
R06894,ec-code/1.1.1.-,IB49_07990
R06895,ec-code/1.3.98.3,IB49_04340
R06917,ec-code/1.1.1.1,IB49_13935 or IB49_13915 or IB49_02205
R06927,ec-code/1.1.1.1,IB49_13935 or IB49_13915 or IB49_02205
R06941,ec-code/1.1.1.35;ec-code/1.1.1.157,IB49_09530 or IB49_12160
R06942,ec-code/4.2.1.17,IB49_09530 or IB49_05315
R06943,ec-code/1.3.99.-,IB49_11270
R06977,ec-code/2.6.1.76,IB49_17520
R06988,ec-code/5.4.4.3,IB49_16875
R06989,ec-code/5.5.1.1,IB49_09890
R07104,ec-code/1.2.1.5,IB49_05715
R07105,ec-code/1.1.1.1,IB49_13935
R07127,ec-code/2.7.1.53,IB49_01370
R07137,ec-code/1.1.1.338,IB49_01645
R07245,ec-code/2.1.3.9,IB49_14310
R07263,ec-code/4.1.3.36,IB49_06250
R07267,ec-code/2.5.1.84;ec-code/2.5.1.85,IB49_02825
R07274,ec-code/2.5.1.47;ec-code/2.5.1.65,IB49_10545
R07280,ec-code/3.1.3.104,IB49_14025
R07281,ec-code/4.1.99.12,IB49_03265
R07302,ec-code/6.3.1.10,IB49_03085
R07394,ec-code/3.1.3.77;ec-code/3.1.3.87,IB49_15050
R07396,ec-code/2.6.1.5;ec-code/2.6.1.57,IB49_15040
R07399,ec-code/2.3.1.182,IB49_05170
R07404,ec-code/6.3.4.18,IB49_11705
R07405,ec-code/5.4.99.18,IB49_11700
R07411,ec-code/2.5.1.141,IB49_15685
R07414,ec-code/6.3.1.11,IB49_16875
R07418,ec-code/1.2.1.99,IB49_05715
R07456,ec-code/4.3.3.6,IB49_10225 or IB49_10230
R07463,ec-code/1.4.3.19,IB49_17395
R07599,ec-code/1.2.4.4,IB49_08605 or IB49_08600 or IB49_03675 or IB49_03680
R07601,ec-code/1.2.4.4,IB49_08605 or IB49_08600 or IB49_03675 or IB49_03680
R07603,ec-code/1.2.4.4,IB49_08605 or IB49_08600 or IB49_03675 or IB49_03680
R07605,ec-code/1.7.1.13,IB49_15180
R07613,ec-code/2.6.1.83,IB49_15040
R07639,ec-code/5.3.3.14,IB49_01445
R07644,ec-code/6.3.2.14,IB49_13605 or IB49_18355
R07659,ec-code/2.6.1.87,IB49_08005
R07667,ec-code/1.2.1.28;ec-code/1.2.1.64,IB49_05715
R07762,ec-code/2.3.1.41;ec-code/2.3.1.179;ec-code/2.3.1.199;ec-code/2.3.1.-,IB49_14345
R07763,ec-code/1.1.1.100;ec-code/2.3.1.-,IB49_16180 or IB49_05650 or IB49_05745
R07764,ec-code/2.3.1.-;ec-code/4.2.1.-,IB49_09195
R07765,ec-code/1.3.1.9;ec-code/1.3.1.-;ec-code/2.3.1.-,IB49_14495 or IB49_01360
R07772,ec-code/3.7.1.12,IB49_00995
R07773,ec-code/2.1.1.195,IB49_01015
R07832,ec-code/2.8.3.8,IB49_01875
R07891,ec-code/2.3.1.16,IB49_07135 or IB49_05740
R07895,ec-code/2.3.1.16,IB49_07135 or IB49_05740
R07899,ec-code/2.3.1.16,IB49_07135 or IB49_05740
R07985,ec-code/1.1.1.291,IB49_17995
R08014,ec-code/1.-.-.-,IB49_03465 or IB49_00225
R08042,ec-code/1.-.-.-,IB49_03465 or IB49_00225
R08057,ec-code/2.7.7.65,IB49_15470
R08086,ec-code/1.2.1.86,IB49_05715
R08087,ec-code/1.2.1.-,IB49_15495
R08091,ec-code/2.3.1.16,IB49_07135 or IB49_05740
R08093,ec-code/4.2.1.17,IB49_09530 or IB49_05315
R08094,ec-code/1.1.1.35,IB49_09530
R08095,ec-code/2.3.1.16,IB49_07135 or IB49_05740
R08096,ec-code/1.2.1.-,IB49_15495
R08116,ec-code/5.5.1.1,IB49_09890
R08146,ec-code/1.2.1.3,IB49_05715
R08165,ec-code/2.2.1.9,IB49_06255
R08166,ec-code/4.2.99.20,IB49_06255
R08197,ec-code/2.6.1.84,IB49_06635
R08210,ec-code/1.17.7.4,IB49_04180
R08213,,IB49_05170
R08214,ec-code/1.1.1.-,IB49_05165
R08215,ec-code/1.1.1.-,IB49_05165
R08221,ec-code/3.5.4.5,IB49_04245
R08222,ec-code/2.4.2.4,IB49_03360
R08230,ec-code/2.4.2.4,IB49_03360
R08232,ec-code/2.7.1.48,IB49_04610
R08233,ec-code/2.7.1.21,IB49_09450
R08237,ec-code/2.4.2.8,IB49_10525
R08238,ec-code/2.4.2.8,IB49_10525
R08240,ec-code/1.1.1.205,IB49_10215
R08244,ec-code/6.3.5.2,IB49_11635
R08245,ec-code/2.4.2.8,IB49_10525
R08247,ec-code/5.4.99.62,IB49_08680
R08281,ec-code/1.1.1.1,IB49_13935
R08283,ec-code/1.2.1.5,IB49_05715
R08306,ec-code/1.1.1.1,IB49_13935
R08307,ec-code/1.2.1.5,IB49_05715
R08310,ec-code/1.1.1.1,IB49_13935
R08331,ec-code/2.3.3.-,IB49_05170
R08332,ec-code/2.3.3.-,IB49_05170
R08359,ec-code/2.5.1.16,IB49_09580 or IB49_00660
R08365,ec-code/5.3.1.-,IB49_03165
R08528,ec-code/2.5.1.68,IB49_16495
R08549,ec-code/1.2.4.2;ec-code/1.8.1.4;ec-code/2.3.1.61,IB49_15390 or IB49_15580 or IB49_15395 or IB49_03685
R08555,ec-code/4.2.1.126,IB49_01795
R08558,ec-code/1.1.1.1,IB49_13915
R08572,ec-code/2.7.1.165,IB49_09940
R08620,ec-code/4.2.1.170,IB49_05160
R08624,ec-code/4.2.1.170,IB49_05160
R08628,ec-code/4.2.1.170,IB49_05160
R08634,ec-code/4.2.1.170,IB49_05160
R08639,ec-code/5.4.2.2;ec-code/5.4.2.5,IB49_13260 or IB49_12195 or IB49_09085
R08641,ec-code/4.2.1.170,IB49_05160
R08645,ec-code/4.2.1.170,IB49_05160
R08648,ec-code/2.2.1.6,IB49_05185 or IB49_05180
R08714,ec-code/2.6.1.113,IB49_17520
R08734,ec-code/5.1.99.4,IB49_16830
R08739,ec-code/5.1.99.4,IB49_16830
R08871,ec-code/2.3.1.183,IB49_06575
R08878,ec-code/1.1.1.274;ec-code/1.1.1.346,IB49_13225
R08938,ec-code/2.3.1.183,IB49_06575
R08991,ec-code/3.1.4.52,IB49_13760
R09030,ec-code/5.3.1.6,IB49_09400
R09078,ec-code/1.1.1.304,IB49_00335 or IB49_16180
R09099,ec-code/2.1.2.1,IB49_09390
R09229,ec-code/5.5.1.1,IB49_09890
R09244,ec-code/2.5.1.86,IB49_16495
R09245,ec-code/2.5.1.83,IB49_02825
R09247,ec-code/2.5.1.30,IB49_02825 or IB49_02835
R09248,ec-code/2.5.1.90,IB49_02825
R09250,ec-code/2.5.1.84,IB49_02825
R09251,ec-code/2.5.1.85,IB49_02825
R09252,ec-code/1.3.8.10,IB49_09520
R09279,ec-code/6.2.1.40,IB49_05325
R09280,ec-code/1.2.1.76,IB49_01455
R09281,ec-code/1.1.1.-,IB49_17995
R09284,ec-code/5.4.4.3,IB49_16875
R09292,ec-code/5.4.99.63,IB49_03630
R09293,ec-code/1.3.8.12,IB49_09520
R09365,ec-code/2.1.1.13;ec-code/2.1.1.14,IB49_13855
R09366,ec-code/4.4.1.1;ec-code/4.4.1.13,IB49_04570
R09372,ec-code/1.8.1.9,IB49_07485
R09497,ec-code/1.7.5.1,IB49_01145 or IB49_01150 or IB49_01160
R09501,ec-code/1.8.5.3,IB49_10055
R09588,ec-code/6.1.2.1,IB49_11375
R09600,ec-code/5.1.3.23,IB49_07975
R09726,ec-code/2.7.7.75,IB49_05695
R09730,ec-code/2.5.1.89,IB49_16495
R09735,ec-code/2.10.1.1,IB49_14215
R09748,ec-code/1.5.1.36;ec-code/1.5.1.37;ec-code/1.5.1.45,IB49_07205
R09750,ec-code/1.5.1.36;ec-code/1.5.1.41,IB49_07205
R09819,ec-code/1.14.14.12,IB49_07205
R09830,ec-code/1.4.1.20,IB49_03695
R09837,ec-code/5.3.3.18,IB49_00345
R09839,ec-code/2.3.1.223,IB49_00260 or IB49_00345
R09951,ec-code/1.1.1.369,IB49_02295
R09954,ec-code/1.1.1.371;ec-code/1.1.1.-,IB49_08635
R09956,ec-code/1.1.1.51,IB49_00335
R09957,ec-code/1.1.1.51,IB49_00335
R09977,ec-code/5.3.99.10,IB49_13385
R09978,ec-code/6.3.4.20,IB49_15165
R09979,ec-code/5.1.99.1,IB49_03535
R09993,ec-code/3.5.99.2;ec-code/3.5.99.-,IB49_13365
R10002,ec-code/4.3.99.3,IB49_15175
R10009,ec-code/4.2.3.130,IB49_06110
R10035,ec-code/3.2.1.21,IB49_08540
R10039,ec-code/3.2.1.21,IB49_08540
R10040,ec-code/3.2.1.21,IB49_08540
R10074,ec-code/1.3.8.6,IB49_12835
R10115,ec-code/2.3.1.41;ec-code/2.3.1.179,IB49_14345
R10116,ec-code/1.1.1.100,IB49_16180 or IB49_05650 or IB49_05745
R10117,ec-code/4.2.1.59,IB49_09195
R10118,ec-code/1.3.1.10,IB49_14495
R10119,ec-code/2.3.1.41;ec-code/2.3.1.179,IB49_14345
R10120,ec-code/1.1.1.100,IB49_16180 or IB49_05650 or IB49_05745
R10121,ec-code/4.2.1.59,IB49_09195
R10122,ec-code/1.3.1.10,IB49_14495
R10124,ec-code/2.3.1.47,IB49_02360
R10125,ec-code/1.1.1.-,IB49_15495
R10126,ec-code/1.1.1.-,IB49_15495
R10127,ec-code/1.-.-.-,IB49_10055
R10129,ec-code/1.1.1.331,IB49_17995
R10140,ec-code/1.1.1.335,IB49_07995
R10141,ec-code/2.6.1.98,IB49_08005
R10147,ec-code/4.3.3.7,IB49_16620
R10170,ec-code/4.2.1.33,IB49_05160 or IB49_05155
R10178,ec-code/2.6.1.96,IB49_17520
R10184,ec-code/2.7.8.36,IB49_09150
R10185,ec-code/2.7.8.37,IB49_08675
R10203,ec-code/1.14.14.35,IB49_08440
R10206,ec-code/1.14.14.5;ec-code/1.14.14.34,IB49_08440 or IB49_08425
R10210,,IB49_05315
R10279,ec-code/5.1.3.25,IB49_09140
R10305,ec-code/2.5.1.134,IB49_04575
R10460,ec-code/2.6.1.102,IB49_08005
R10463,ec-code/2.7.7.87,IB49_09425
R10502,ec-code/1.1.1.-,IB49_05165
R10505,ec-code/1.1.1.-,IB49_00335 or IB49_16180
R10601,ec-code/1.3.8.11,IB49_09520
R10615,ec-code/1.2.1.89,IB49_11230
R10619,ec-code/5.1.3.3,IB49_01380
R10660,ec-code/1.3.4.1,IB49_04865
R10668,ec-code/3.2.2.30,IB49_04580
R10675,ec-code/4.2.1.149,IB49_18375
R10690,ec-code/1.1.1.-,IB49_00335
R10691,ec-code/3.7.1.-,IB49_13750
R10698,ec-code/2.6.1.104,IB49_08005
R10699,ec-code/2.6.1.105,IB49_07180
R10703,ec-code/1.1.1.-,IB49_08390
R10707,ec-code/2.3.1.180,IB49_14340
R10712,ec-code/2.5.1.3,IB49_09805
R10719,ec-code/1.1.1.373,IB49_15410
R10757,ec-code/2.5.1.74,IB49_06270
R10769,ec-code/6.2.1.41,IB49_18355
R10788,ec-code/1.1.1.377;ec-code/1.1.1.378,IB49_16180
R10797,ec-code/1.17.98.3,IB49_12905
R10820,ec-code/6.2.1.44,IB49_16835
R10829,ec-code/2.4.1.320,IB49_08905
R10843,ec-code/1.13.11.84,IB49_02630
R10844,ec-code/1.13.11.84,IB49_02630
R10847,ec-code/5.5.1.27,IB49_09890
R10859,ec-code/1.17.7.3,IB49_04125
R10860,ec-code/1.2.1.90,IB49_01455
R10917,ec-code/1.1.1.385,IB49_00335
R10919,ec-code/1.1.1.386,IB49_15245
R10936,ec-code/4.2.1.155,IB49_18375
R10938,ec-code/5.1.1.20,IB49_09890
R10948,ec-code/6.3.5.5,IB49_16005 or IB49_16000 or IB49_14300
R10949,ec-code/6.3.5.5,IB49_16005 or IB49_16000 or IB49_14300
R10955,ec-code/2.4.1.331,IB49_07180
R10956,ec-code/2.1.1.305,IB49_07180
R10957,ec-code/2.1.1.306,IB49_07180
R10960,ec-code/2.3.1.235,IB49_14345
R10970,ec-code/2.7.1.184,IB49_08685
R10991,ec-code/2.6.1.42,IB49_05190
R10995,ec-code/1.1.1.378,IB49_16180
R10996,ec-code/1.2.4.4,IB49_08605 or IB49_08600 or IB49_03675 or IB49_03680
R11038,ec-code/2.6.1.108,IB49_06635
R11051,ec-code/1.1.1.-,IB49_01780
R11067,,IB49_15405
R11068,,IB49_15040
R11130,ec-code/1.3.8.-,IB49_09525
R11153,ec-code/1.14.13.212,IB49_00320
R11174,ec-code/2.7.8.26,IB49_03070
R11183,ec-code/2.7.1.189,IB49_01370
R11195,ec-code/1.2.1.96,IB49_01455
R11263,ec-code/4.2.1.117,IB49_16985
R11311,ec-code/3.2.1.65,IB49_09760
R11319,ec-code/2.7.4.3,IB49_10930
R11323,ec-code/3.6.1.9,IB49_10460
R11329,ec-code/4.99.1.9,IB49_13585
R11332,ec-code/5.3.1.33,IB49_07360
R11339,ec-code/1.1.1.401,IB49_16180
R11372,ec-code/4.6.1.17,IB49_11565 or IB49_14200
R11395,ec-code/2.6.1.109,IB49_08005
R11398,ec-code/2.4.1.339,IB49_08905
R11402,ec-code/2.7.7.91,IB49_06310
R11435,,IB49_16175
R11472,ec-code/1.1.1.-,IB49_05285
R11474,ec-code/1.1.1.-,IB49_01780
R11516,ec-code/2.3.1.260,IB49_14345
R11522,ec-code/1.11.1.-,IB49_09650
R11536,ec-code/2.7.1.215,IB49_01370
R11581,ec-code/2.7.7.77,IB49_14100
R11582,ec-code/2.7.7.76,IB49_12415
R11599,ec-code/2.4.1.343,IB49_12975
R11607,ec-code/2.6.1.111,IB49_12975
R11608,ec-code/6.2.1.50,IB49_13605
R11627,ec-code/6.3.5.12,IB49_00990
R11632,ec-code/6.2.1.48,IB49_13605
R11655,ec-code/1.5.1.51,IB49_14860
R11667,,IB49_02360
R11700,ec-code/2.1.1.342,IB49_04340
R11705,ec-code/2.5.1.140,IB49_17970
R11711,ec-code/1.14.14.47,IB49_00320
R11712,ec-code/1.14.14.47,IB49_00320
R11713,ec-code/1.14.14.47,IB49_00320
R11721,ec-code/5.3.1.35,IB49_17990
R11722,ec-code/5.3.1.35,IB49_17990
R11765,ec-code/1.5.1.3,IB49_00910
R11872,ec-code/6.2.1.50,IB49_13605
R11873,ec-code/6.2.1.50,IB49_13605
R11894,ec-code/2.7.4.6,IB49_02820
R11895,ec-code/2.7.4.6,IB49_02820
R11944,ec-code/1.8.98.6,IB49_12905
R12024,ec-code/3.5.1.128,IB49_15035
R12175,ec-code/1.3.1.99,IB49_09520
R12214,ec-code/2.6.1.82,IB49_11235
R12215,ec-code/1.2.1.19,IB49_05715
R12272,ec-code/6.3.2.53,IB49_15860
R12352,ec-code/6.3.5.-,IB49_14815
R04231,,IB49_16075
R03269,,IB49_16075
R02472,,IB49_13335
R00009,,IB49_00430
R00267,,IB49_05560
R02413,,IB49_04485
R00549,,IB49_16565
R00161,,IB49_16565
R03314,,
R01652,,
R02101,,IB49_00915
R04365,,IB49_15520
R01777,,IB49_00960
R00751,,
R04014,,IB49_00680 or IB49_01350 or IB49_18150
R08163,,IB49_00680 or IB49_01350 or IB49_18150
R08159,,IB49_00680 or IB49_01350 or IB49_18150
R01706,,IB49_00680 or IB49_01350 or IB49_18150
R02035,,
R08575,,IB49_09480
R00104,,IB49_05820 or IB49_14470
R00619,,IB49_16125
R00004,,IB49_03015 or IB49_07560
R00138,,IB49_03015 or IB49_07560
CO2_to_H2Carbonate,,
H2Carbonate_to_Carbonate,,
Glu->PreHeme,,IB49_05115
R00955,,IB49_02500
EX_Acetate,,
EX_Lactate,,
EX_Pyruvate,,
EX_Citrate,,
EX_Succinate,,
EX_Alanine,,
EX_Asparagine,,
EX_Aspartate,,
EX_Glutamine,,
EX_Glutamate,,
EX_Glycine,,
EX_Isoleucine,,
EX_Leucine,,
EX_Lysine,,
EX_Methionine,,
EX_Phenylalanine,,
EX_Proline,,
EX_Serine,,
EX_Threonine,,
EX_Tyrosine,,
EX_Valine,,
EX_Arginine,,
EX_Cysteine,,
EX_Histidine,,
EX_Tryptophan,,
EX_Fumarate,,
EX_Ethanol,,
3HB thioesterase,,IB49_00680 or IB49_01350 or IB49_1815
EX_3HB,,
EX_Galactose,,
EX_Mannose,,
EX_Xylose,,
EX_Glucose,,
EX_Oxygen,,
EX_Orthophosphate,,
EX_Ammonia,,
EX_Sulfate,,
EX_H2O,,
EX_H,,
EX_CO2,,
EX_Molybdate,,
EX_VitB12,,
EX_PyridoxinHydrochloride,,
EX_Thiamine,,
EX_Nicotinicacid,,
EX_p-aminobenzoate,,
EX_Biotin,,
EX_Folate,,
EX_Fe,,
PTS,,IB49_15245 and IB49_15250 and IB49_09775 and IB49_15255
PTS_Fru,,IB49_01210 and IB49_15255
PTS_Man,,IB49_01210 and IB49_15255
Glycerol3P_import,,IB49_01970 and IB49_01980 and IB49_01985
Xylose_import,,IB49_01410 and IB49_01390
Molybdate_import,,IB49_05405 and IB49_14195
VitB12_import,,
PyrHCl_import,,
Thiamine_import,,
Nicotinate_import,,
Aminobenzoate_import,,
Biotin_import,,IB49_06815 or IB49_07190
Folate_import,,
Iron_import,,
Phosphate_import,,IB49_04110 and IB49_04100 and IB49_04075
Glucose_import(ABC),,IB49_08495 and IB49_08490 and IB49_08485 and IB49_13425
Galactose_import,,
Complex_I,,IB49_09280 and IB49_09330 and IB49_09325 and IB49_09315 and IB49_09310 and IB49_09305 and IB49_09300 and IB49_09295 and IB49_09290 and IB49_09285 and IB49_09280
Complex_II,,IB49_05230 and IB49_05235
Complex_III,,IB49_15690 and IB49_15695 and IB49_15700 and IB49_15705 and IB49_18085 and IB49_18090
ATP_Synthase,,IB49_09335 and IB49_09340 and IB49_09345 and IB49_09350 and IB49_09355 and IB49_09360 and IB49_09365 and IB49_09370
Teichuronic_acid,,
Peptidoglycan,,
CellWall,,
aa_to_prot,,
CellMembrane,,
RNA,,IB49_06300
DNA,,IB49_17680 and IB49_05605 and IB49_16520 and IB49_10325 and IB49_10135 and IB49_04370 and IB49_04210 and IB49_08350 and IB49_10040 and IB49_17005 and IB49_16255 and IB49_05360 and IB49_05535 and IB49_11790 and IB49_17005 and IB49_17495
Glycogen,,
Cofactor_Pool,,
Biomass,,
EX_Biomass,,
